{
    "confidence_score": 0.4436962306499481,
    "ptm": 0.29323050379753113,
    "iptm": 0.10661736130714417,
    "ligand_iptm": 0.0,
    "protein_iptm": 0.10661736130714417,
    "complex_plddt": 0.5279659032821655,
    "complex_iplddt": 0.4609872102737427,
    "complex_pde": 3.1927874088287354,
    "complex_ipde": 14.901844024658203,
    "chains_ptm": {
        "0": 0.6348807215690613,
        "1": 0.33165624737739563
    },
    "pair_chains_iptm": {
        "0": {
            "0": 0.6348807215690613,
            "1": 0.10661736130714417
        },
        "1": {
            "0": 0.08107613027095795,
            "1": 0.33165624737739563
        }
    }
}