{
    "confidence_score": 0.5841373801231384,
    "ptm": 0.3875223398208618,
    "iptm": 0.5236330032348633,
    "ligand_iptm": 0.0,
    "protein_iptm": 0.5236330032348633,
    "complex_plddt": 0.5992634296417236,
    "complex_iplddt": 0.5714735388755798,
    "complex_pde": 2.492647171020508,
    "complex_ipde": 9.205262184143066,
    "chains_ptm": {
        "0": 0.6164645552635193,
        "1": 0.3558526635169983
    },
    "pair_chains_iptm": {
        "0": {
            "0": 0.6164645552635193,
            "1": 0.5236330032348633
        },
        "1": {
            "0": 0.3095213770866394,
            "1": 0.3558526635169983
        }
    }
}