{
    "confidence_score": 0.4360010623931885,
    "ptm": 0.2915915548801422,
    "iptm": 0.08681844919919968,
    "ligand_iptm": 0.0,
    "protein_iptm": 0.08681844919919968,
    "complex_plddt": 0.5232967138290405,
    "complex_iplddt": 0.43561726808547974,
    "complex_pde": 3.3954732418060303,
    "complex_ipde": 15.42302131652832,
    "chains_ptm": {
        "0": 0.46379292011260986,
        "1": 0.32647353410720825
    },
    "pair_chains_iptm": {
        "0": {
            "0": 0.46379292011260986,
            "1": 0.08681844919919968
        },
        "1": {
            "0": 0.0725073516368866,
            "1": 0.32647353410720825
        }
    }
}