{
    "confidence_score": 0.7075259685516357,
    "ptm": 0.4403037428855896,
    "iptm": 0.7268059253692627,
    "ligand_iptm": 0.0,
    "protein_iptm": 0.7268059253692627,
    "complex_plddt": 0.702705979347229,
    "complex_iplddt": 0.6990398168563843,
    "complex_pde": 2.0013856887817383,
    "complex_ipde": 9.925304412841797,
    "chains_ptm": {
        "0": 0.9577128887176514,
        "1": 0.3757054805755615
    },
    "pair_chains_iptm": {
        "0": {
            "0": 0.9577128887176514,
            "1": 0.7268059253692627
        },
        "1": {
            "0": 0.31440576910972595,
            "1": 0.3757054805755615
        }
    }
}