{
    "confidence_score": 0.3995658755302429,
    "ptm": 0.2506665289402008,
    "iptm": 0.0,
    "ligand_iptm": 0.0,
    "protein_iptm": 0.0,
    "complex_plddt": 0.43679070472717285,
    "complex_iplddt": 0.0,
    "complex_pde": 2.602271556854248,
    "complex_ipde": 0.0,
    "chains_ptm": {
        "0": 0.2506665289402008
    },
    "pair_chains_iptm": {
        "0": {
            "0": 0.2506665289402008
        }
    }
}