{
    "confidence_score": 0.5575428009033203,
    "ptm": 0.41754674911499023,
    "iptm": 0.0,
    "ligand_iptm": 0.0,
    "protein_iptm": 0.0,
    "complex_plddt": 0.5925418138504028,
    "complex_iplddt": 0.0,
    "complex_pde": 2.022411823272705,
    "complex_ipde": 0.0,
    "chains_ptm": {
        "0": 0.41754674911499023
    },
    "pair_chains_iptm": {
        "0": {
            "0": 0.41754674911499023
        }
    }
}