{
    "confidence_score": 0.4092787206172943,
    "ptm": 0.326141893863678,
    "iptm": 0.0,
    "ligand_iptm": 0.0,
    "protein_iptm": 0.0,
    "complex_plddt": 0.4300629496574402,
    "complex_iplddt": 0.0,
    "complex_pde": 2.4973995685577393,
    "complex_ipde": 0.0,
    "chains_ptm": {
        "0": 0.326141893863678
    },
    "pair_chains_iptm": {
        "0": {
            "0": 0.326141893863678
        }
    }
}