{
    "confidence_score": 0.6207552552223206,
    "ptm": 0.5536332130432129,
    "iptm": 0.0,
    "ligand_iptm": 0.0,
    "protein_iptm": 0.0,
    "complex_plddt": 0.6375357508659363,
    "complex_iplddt": 0.0,
    "complex_pde": 1.6807340383529663,
    "complex_ipde": 0.0,
    "chains_ptm": {
        "0": 0.5536332130432129
    },
    "pair_chains_iptm": {
        "0": {
            "0": 0.5536332130432129
        }
    }
}