{
    "confidence_score": 0.6509335041046143,
    "ptm": 0.4539082944393158,
    "iptm": 0.0,
    "ligand_iptm": 0.0,
    "protein_iptm": 0.0,
    "complex_plddt": 0.7001898288726807,
    "complex_iplddt": 0.0,
    "complex_pde": 1.2395262718200684,
    "complex_ipde": 0.0,
    "chains_ptm": {
        "0": 0.4539082944393158
    },
    "pair_chains_iptm": {
        "0": {
            "0": 0.4539082944393158
        }
    }
}