{
    "confidence_score": 0.4902362525463104,
    "ptm": 0.3156125843524933,
    "iptm": 0.0,
    "ligand_iptm": 0.0,
    "protein_iptm": 0.0,
    "complex_plddt": 0.5338921546936035,
    "complex_iplddt": 0.0,
    "complex_pde": 2.2486021518707275,
    "complex_ipde": 0.0,
    "chains_ptm": {
        "0": 0.3156125843524933
    },
    "pair_chains_iptm": {
        "0": {
            "0": 0.3156125843524933
        }
    }
}