{
    "confidence_score": 0.43520089983940125,
    "ptm": 0.2804260551929474,
    "iptm": 0.11662674695253372,
    "ligand_iptm": 0.0,
    "protein_iptm": 0.11662674695253372,
    "complex_plddt": 0.5148444175720215,
    "complex_iplddt": 0.44680172204971313,
    "complex_pde": 3.2615771293640137,
    "complex_ipde": 14.405134201049805,
    "chains_ptm": {
        "0": 0.7118726372718811,
        "1": 0.33521008491516113
    },
    "pair_chains_iptm": {
        "0": {
            "0": 0.7118726372718811,
            "1": 0.11662674695253372
        },
        "1": {
            "0": 0.09857368469238281,
            "1": 0.33521008491516113
        }
    }
}