{
    "confidence_score": 0.4309821128845215,
    "ptm": 0.2967429459095001,
    "iptm": 0.1107630506157875,
    "ligand_iptm": 0.0,
    "protein_iptm": 0.1107630506157875,
    "complex_plddt": 0.5110368728637695,
    "complex_iplddt": 0.4372749626636505,
    "complex_pde": 3.749271869659424,
    "complex_ipde": 15.877668380737305,
    "chains_ptm": {
        "0": 0.28702399134635925,
        "1": 0.332960307598114
    },
    "pair_chains_iptm": {
        "0": {
            "0": 0.28702399134635925,
            "1": 0.1107630506157875
        },
        "1": {
            "0": 0.08735906332731247,
            "1": 0.332960307598114
        }
    }
}