{
    "confidence_score": 0.5612030625343323,
    "ptm": 0.37862518429756165,
    "iptm": 0.29677191376686096,
    "ligand_iptm": 0.0,
    "protein_iptm": 0.29677191376686096,
    "complex_plddt": 0.6273108124732971,
    "complex_iplddt": 0.5616523027420044,
    "complex_pde": 2.2694969177246094,
    "complex_ipde": 12.527199745178223,
    "chains_ptm": {
        "0": 0.6874311566352844,
        "1": 0.4306064546108246
    },
    "pair_chains_iptm": {
        "0": {
            "0": 0.6874311566352844,
            "1": 0.29677191376686096
        },
        "1": {
            "0": 0.12143309414386749,
            "1": 0.4306064546108246
        }
    }
}