{
    "confidence_score": 0.43206796050071716,
    "ptm": 0.27420273423194885,
    "iptm": 0.10863049328327179,
    "ligand_iptm": 0.0,
    "protein_iptm": 0.10863049328327179,
    "complex_plddt": 0.5129273533821106,
    "complex_iplddt": 0.43668198585510254,
    "complex_pde": 3.6828346252441406,
    "complex_ipde": 16.15276336669922,
    "chains_ptm": {
        "0": 0.41014522314071655,
        "1": 0.30727213621139526
    },
    "pair_chains_iptm": {
        "0": {
            "0": 0.41014522314071655,
            "1": 0.10863049328327179
        },
        "1": {
            "0": 0.08146809786558151,
            "1": 0.30727213621139526
        }
    }
}