{
    "confidence_score": 0.41948866844177246,
    "ptm": 0.2823418974876404,
    "iptm": 0.12383697926998138,
    "ligand_iptm": 0.0,
    "protein_iptm": 0.12383697926998138,
    "complex_plddt": 0.4934016168117523,
    "complex_iplddt": 0.3949759006500244,
    "complex_pde": 3.9399807453155518,
    "complex_ipde": 14.89492130279541,
    "chains_ptm": {
        "0": 0.5280678272247314,
        "1": 0.3163418173789978
    },
    "pair_chains_iptm": {
        "0": {
            "0": 0.5280678272247314,
            "1": 0.12383697926998138
        },
        "1": {
            "0": 0.07781010866165161,
            "1": 0.3163418173789978
        }
    }
}