{
    "confidence_score": 0.7160184383392334,
    "ptm": 0.5726814270019531,
    "iptm": 0.0,
    "ligand_iptm": 0.0,
    "protein_iptm": 0.0,
    "complex_plddt": 0.7518526911735535,
    "complex_iplddt": 0.0,
    "complex_pde": 0.9918965101242065,
    "complex_ipde": 0.0,
    "chains_ptm": {
        "0": 0.5726814270019531
    },
    "pair_chains_iptm": {
        "0": {
            "0": 0.5726814270019531
        }
    }
}