{
    "confidence_score": 0.44014984369277954,
    "ptm": 0.30152225494384766,
    "iptm": 0.19556927680969238,
    "ligand_iptm": 0.0,
    "protein_iptm": 0.19556927680969238,
    "complex_plddt": 0.5012949705123901,
    "complex_iplddt": 0.42227903008461,
    "complex_pde": 3.5514745712280273,
    "complex_ipde": 13.26988410949707,
    "chains_ptm": {
        "0": 0.47422468662261963,
        "1": 0.3304462432861328
    },
    "pair_chains_iptm": {
        "0": {
            "0": 0.47422468662261963,
            "1": 0.19556927680969238
        },
        "1": {
            "0": 0.10908882319927216,
            "1": 0.3304462432861328
        }
    }
}