{
    "confidence_score": 0.5795174837112427,
    "ptm": 0.39447644352912903,
    "iptm": 0.5289775729179382,
    "ligand_iptm": 0.0,
    "protein_iptm": 0.5289775729179382,
    "complex_plddt": 0.5921524167060852,
    "complex_iplddt": 0.5593353509902954,
    "complex_pde": 2.5921614170074463,
    "complex_ipde": 9.394268989562988,
    "chains_ptm": {
        "0": 0.6322860717773438,
        "1": 0.3630855977535248
    },
    "pair_chains_iptm": {
        "0": {
            "0": 0.6322860717773438,
            "1": 0.5289775729179382
        },
        "1": {
            "0": 0.3088701069355011,
            "1": 0.3630855977535248
        }
    }
}