{
    "confidence_score": 0.4557929039001465,
    "ptm": 0.13317285478115082,
    "iptm": 0.0,
    "ligand_iptm": 0.0,
    "protein_iptm": 0.0,
    "complex_plddt": 0.5364479422569275,
    "complex_iplddt": 0.0,
    "complex_pde": 2.4175450801849365,
    "complex_ipde": 0.0,
    "chains_ptm": {
        "0": 0.13317285478115082
    },
    "pair_chains_iptm": {
        "0": {
            "0": 0.13317285478115082
        }
    }
}