{
    "confidence_score": 0.5651581287384033,
    "ptm": 0.36719760298728943,
    "iptm": 0.0,
    "ligand_iptm": 0.0,
    "protein_iptm": 0.0,
    "complex_plddt": 0.6146482825279236,
    "complex_iplddt": 0.0,
    "complex_pde": 1.664795160293579,
    "complex_ipde": 0.0,
    "chains_ptm": {
        "0": 0.36719760298728943
    },
    "pair_chains_iptm": {
        "0": {
            "0": 0.36719760298728943
        }
    }
}