{
    "confidence_score": 0.39522242546081543,
    "ptm": 0.14019745588302612,
    "iptm": 0.0,
    "ligand_iptm": 0.0,
    "protein_iptm": 0.0,
    "complex_plddt": 0.45897865295410156,
    "complex_iplddt": 0.0,
    "complex_pde": 3.6733033657073975,
    "complex_ipde": 0.0,
    "chains_ptm": {
        "0": 0.14019745588302612
    },
    "pair_chains_iptm": {
        "0": {
            "0": 0.14019745588302612
        }
    }
}