{
    "confidence_score": 0.6986951231956482,
    "ptm": 0.4593752920627594,
    "iptm": 0.6863306760787964,
    "ligand_iptm": 0.0,
    "protein_iptm": 0.6863306760787964,
    "complex_plddt": 0.7017862200737,
    "complex_iplddt": 0.6986261606216431,
    "complex_pde": 2.0162394046783447,
    "complex_ipde": 10.154699325561523,
    "chains_ptm": {
        "0": 0.9461453557014465,
        "1": 0.3888385593891144
    },
    "pair_chains_iptm": {
        "0": {
            "0": 0.9461453557014465,
            "1": 0.6863306760787964
        },
        "1": {
            "0": 0.3408602774143219,
            "1": 0.3888385593891144
        }
    }
}