{
    "confidence_score": 0.4865957200527191,
    "ptm": 0.2538171112537384,
    "iptm": 0.0,
    "ligand_iptm": 0.0,
    "protein_iptm": 0.0,
    "complex_plddt": 0.5447903871536255,
    "complex_iplddt": 0.0,
    "complex_pde": 3.2946536540985107,
    "complex_ipde": 0.0,
    "chains_ptm": {
        "0": 0.2538171112537384
    },
    "pair_chains_iptm": {
        "0": {
            "0": 0.2538171112537384
        }
    }
}