{
    "confidence_score": 0.6160138845443726,
    "ptm": 0.4873644709587097,
    "iptm": 0.0,
    "ligand_iptm": 0.0,
    "protein_iptm": 0.0,
    "complex_plddt": 0.6481761932373047,
    "complex_iplddt": 0.0,
    "complex_pde": 1.886753797531128,
    "complex_ipde": 0.0,
    "chains_ptm": {
        "0": 0.4873644709587097
    },
    "pair_chains_iptm": {
        "0": {
            "0": 0.4873644709587097
        }
    }
}