{
    "confidence_score": 0.7069403529167175,
    "ptm": 0.4061106741428375,
    "iptm": 0.8608716726303101,
    "ligand_iptm": 0.0,
    "protein_iptm": 0.8608716726303101,
    "complex_plddt": 0.6684575080871582,
    "complex_iplddt": 0.653326153755188,
    "complex_pde": 2.1590301990509033,
    "complex_ipde": 8.70193862915039,
    "chains_ptm": {
        "0": 0.907004714012146,
        "1": 0.3734872043132782
    },
    "pair_chains_iptm": {
        "0": {
            "0": 0.907004714012146,
            "1": 0.8608716726303101
        },
        "1": {
            "0": 0.3106149733066559,
            "1": 0.3734872043132782
        }
    }
}