{
    "confidence_score": 0.4800613522529602,
    "ptm": 0.309728741645813,
    "iptm": 0.2896592319011688,
    "ligand_iptm": 0.0,
    "protein_iptm": 0.2896592319011688,
    "complex_plddt": 0.5276618599891663,
    "complex_iplddt": 0.4573700726032257,
    "complex_pde": 3.1449029445648193,
    "complex_ipde": 11.626978874206543,
    "chains_ptm": {
        "0": 0.7288808226585388,
        "1": 0.3330371379852295
    },
    "pair_chains_iptm": {
        "0": {
            "0": 0.7288808226585388,
            "1": 0.2896592319011688
        },
        "1": {
            "0": 0.17428477108478546,
            "1": 0.3330371379852295
        }
    }
}