{
    "confidence_score": 0.5677574276924133,
    "ptm": 0.40937691926956177,
    "iptm": 0.0,
    "ligand_iptm": 0.0,
    "protein_iptm": 0.0,
    "complex_plddt": 0.6073525547981262,
    "complex_iplddt": 0.0,
    "complex_pde": 2.148617744445801,
    "complex_ipde": 0.0,
    "chains_ptm": {
        "0": 0.40937691926956177
    },
    "pair_chains_iptm": {
        "0": {
            "0": 0.40937691926956177
        }
    }
}