{
    "confidence_score": 0.9098650813102722,
    "ptm": 0.8604676127433777,
    "iptm": 0.0,
    "ligand_iptm": 0.0,
    "protein_iptm": 0.0,
    "complex_plddt": 0.9222144484519958,
    "complex_iplddt": 0.0,
    "complex_pde": 0.37812405824661255,
    "complex_ipde": 0.0,
    "chains_ptm": {
        "0": 0.8604676127433777
    },
    "pair_chains_iptm": {
        "0": {
            "0": 0.8604676127433777
        }
    }
}