{
    "confidence_score": 0.7586068511009216,
    "ptm": 0.7034279108047485,
    "iptm": 0.9110394716262817,
    "ligand_iptm": 0.0,
    "protein_iptm": 0.9110394716262817,
    "complex_plddt": 0.7204986214637756,
    "complex_iplddt": 0.7550476789474487,
    "complex_pde": 1.2453871965408325,
    "complex_ipde": 1.8584096431732178,
    "chains_ptm": {
        "0": 0.9435639977455139,
        "1": 0.65923011302948
    },
    "pair_chains_iptm": {
        "0": {
            "0": 0.9435639977455139,
            "1": 0.9110394716262817
        },
        "1": {
            "0": 0.6581354141235352,
            "1": 0.65923011302948
        }
    }
}