{
    "confidence_score": 0.478173166513443,
    "ptm": 0.34662342071533203,
    "iptm": 0.21206024289131165,
    "ligand_iptm": 0.0,
    "protein_iptm": 0.21206024289131165,
    "complex_plddt": 0.5447013974189758,
    "complex_iplddt": 0.47344422340393066,
    "complex_pde": 2.6349053382873535,
    "complex_ipde": 11.140096664428711,
    "chains_ptm": {
        "0": 0.7589232325553894,
        "1": 0.38497692346572876
    },
    "pair_chains_iptm": {
        "0": {
            "0": 0.7589232325553894,
            "1": 0.21206024289131165
        },
        "1": {
            "0": 0.18258918821811676,
            "1": 0.38497692346572876
        }
    }
}