{
    "confidence_score": 0.5220319628715515,
    "ptm": 0.3333674371242523,
    "iptm": 0.1515614539384842,
    "ligand_iptm": 0.0,
    "protein_iptm": 0.1515614539384842,
    "complex_plddt": 0.6146495342254639,
    "complex_iplddt": 0.5406004786491394,
    "complex_pde": 2.7619245052337646,
    "complex_ipde": 17.201250076293945,
    "chains_ptm": {
        "0": 0.8507726788520813,
        "1": 0.3947274386882782
    },
    "pair_chains_iptm": {
        "0": {
            "0": 0.8507726788520813,
            "1": 0.1515614539384842
        },
        "1": {
            "0": 0.11498924344778061,
            "1": 0.3947274386882782
        }
    }
}