{
    "confidence_score": 0.5712795257568359,
    "ptm": 0.3788946568965912,
    "iptm": 0.5122175216674805,
    "ligand_iptm": 0.0,
    "protein_iptm": 0.5122175216674805,
    "complex_plddt": 0.5860450267791748,
    "complex_iplddt": 0.5208544731140137,
    "complex_pde": 2.5958950519561768,
    "complex_ipde": 9.820310592651367,
    "chains_ptm": {
        "0": 0.6174590587615967,
        "1": 0.3464539647102356
    },
    "pair_chains_iptm": {
        "0": {
            "0": 0.6174590587615967,
            "1": 0.5122175216674805
        },
        "1": {
            "0": 0.2878047227859497,
            "1": 0.3464539647102356
        }
    }
}