{
    "confidence_score": 0.4764591157436371,
    "ptm": 0.31749287247657776,
    "iptm": 0.3309381902217865,
    "ligand_iptm": 0.0,
    "protein_iptm": 0.3309381902217865,
    "complex_plddt": 0.5128393769264221,
    "complex_iplddt": 0.4289030134677887,
    "complex_pde": 3.5137717723846436,
    "complex_ipde": 11.949383735656738,
    "chains_ptm": {
        "0": 0.7210041284561157,
        "1": 0.3153305947780609
    },
    "pair_chains_iptm": {
        "0": {
            "0": 0.7210041284561157,
            "1": 0.3309381902217865
        },
        "1": {
            "0": 0.15685899555683136,
            "1": 0.3153305947780609
        }
    }
}