{
    "confidence_score": 0.5724546909332275,
    "ptm": 0.382083535194397,
    "iptm": 0.4719102382659912,
    "ligand_iptm": 0.0,
    "protein_iptm": 0.4719102382659912,
    "complex_plddt": 0.5975908041000366,
    "complex_iplddt": 0.5186514854431152,
    "complex_pde": 2.542121171951294,
    "complex_ipde": 9.772113800048828,
    "chains_ptm": {
        "0": 0.5863540172576904,
        "1": 0.3620244562625885
    },
    "pair_chains_iptm": {
        "0": {
            "0": 0.5863540172576904,
            "1": 0.4719102382659912
        },
        "1": {
            "0": 0.3018014430999756,
            "1": 0.3620244562625885
        }
    }
}