{
    "confidence_score": 0.5314669609069824,
    "ptm": 0.3021712303161621,
    "iptm": 0.21099184453487396,
    "ligand_iptm": 0.0,
    "protein_iptm": 0.21099184453487396,
    "complex_plddt": 0.6115857362747192,
    "complex_iplddt": 0.4677473306655884,
    "complex_pde": 2.84812068939209,
    "complex_ipde": 13.807887077331543,
    "chains_ptm": {
        "0": 0.6242057085037231,
        "1": 0.3444357216358185
    },
    "pair_chains_iptm": {
        "0": {
            "0": 0.6242057085037231,
            "1": 0.21099184453487396
        },
        "1": {
            "0": 0.1161082535982132,
            "1": 0.3444357216358185
        }
    }
}