{
    "confidence_score": 0.9009162783622742,
    "ptm": 0.8344430923461914,
    "iptm": 0.0,
    "ligand_iptm": 0.0,
    "protein_iptm": 0.0,
    "complex_plddt": 0.917534589767456,
    "complex_iplddt": 0.0,
    "complex_pde": 0.42087307572364807,
    "complex_ipde": 0.0,
    "chains_ptm": {
        "0": 0.8344430923461914
    },
    "pair_chains_iptm": {
        "0": {
            "0": 0.8344430923461914
        }
    }
}