{
    "confidence_score": 0.45002231001853943,
    "ptm": 0.30013540387153625,
    "iptm": 0.15153351426124573,
    "ligand_iptm": 0.0,
    "protein_iptm": 0.15153351426124573,
    "complex_plddt": 0.5246444940567017,
    "complex_iplddt": 0.4453827142715454,
    "complex_pde": 3.1328513622283936,
    "complex_ipde": 13.120452880859375,
    "chains_ptm": {
        "0": 0.6713958978652954,
        "1": 0.3424886167049408
    },
    "pair_chains_iptm": {
        "0": {
            "0": 0.6713958978652954,
            "1": 0.15153351426124573
        },
        "1": {
            "0": 0.100619837641716,
            "1": 0.3424886167049408
        }
    }
}