{
    "confidence_score": 0.5116505026817322,
    "ptm": 0.3867223858833313,
    "iptm": 0.0,
    "ligand_iptm": 0.0,
    "protein_iptm": 0.0,
    "complex_plddt": 0.5428825616836548,
    "complex_iplddt": 0.0,
    "complex_pde": 2.4676973819732666,
    "complex_ipde": 0.0,
    "chains_ptm": {
        "0": 0.3867223858833313
    },
    "pair_chains_iptm": {
        "0": {
            "0": 0.3867223858833313
        }
    }
}