{
    "confidence_score": 0.5972834825515747,
    "ptm": 0.3258945941925049,
    "iptm": 0.42844733595848083,
    "ligand_iptm": 0.0,
    "protein_iptm": 0.42844733595848083,
    "complex_plddt": 0.6394925117492676,
    "complex_iplddt": 0.5829648375511169,
    "complex_pde": 2.5513064861297607,
    "complex_ipde": 13.181944847106934,
    "chains_ptm": {
        "0": 0.9092478156089783,
        "1": 0.37293487787246704
    },
    "pair_chains_iptm": {
        "0": {
            "0": 0.9092478156089783,
            "1": 0.42844733595848083
        },
        "1": {
            "0": 0.14146964251995087,
            "1": 0.37293487787246704
        }
    }
}