{
    "confidence_score": 0.5346300005912781,
    "ptm": 0.33584049344062805,
    "iptm": 0.18762682378292084,
    "ligand_iptm": 0.0,
    "protein_iptm": 0.18762682378292084,
    "complex_plddt": 0.6213807463645935,
    "complex_iplddt": 0.5549259781837463,
    "complex_pde": 2.6003901958465576,
    "complex_ipde": 17.1555118560791,
    "chains_ptm": {
        "0": 0.9252173900604248,
        "1": 0.3989945650100708
    },
    "pair_chains_iptm": {
        "0": {
            "0": 0.9252173900604248,
            "1": 0.18762682378292084
        },
        "1": {
            "0": 0.12941864132881165,
            "1": 0.3989945650100708
        }
    }
}