{
    "confidence_score": 0.5195748209953308,
    "ptm": 0.3051856756210327,
    "iptm": 0.1680947095155716,
    "ligand_iptm": 0.0,
    "protein_iptm": 0.1680947095155716,
    "complex_plddt": 0.6074448227882385,
    "complex_iplddt": 0.4658540189266205,
    "complex_pde": 2.8338563442230225,
    "complex_ipde": 13.97502613067627,
    "chains_ptm": {
        "0": 0.6255782246589661,
        "1": 0.3525971472263336
    },
    "pair_chains_iptm": {
        "0": {
            "0": 0.6255782246589661,
            "1": 0.1680947095155716
        },
        "1": {
            "0": 0.1172289028763771,
            "1": 0.3525971472263336
        }
    }
}