{
    "confidence_score": 0.4285672605037689,
    "ptm": 0.2915324866771698,
    "iptm": 0.12917307019233704,
    "ligand_iptm": 0.0,
    "protein_iptm": 0.12917307019233704,
    "complex_plddt": 0.5034158229827881,
    "complex_iplddt": 0.44418108463287354,
    "complex_pde": 4.017444610595703,
    "complex_ipde": 15.757640838623047,
    "chains_ptm": {
        "0": 0.2621193826198578,
        "1": 0.32711049914360046
    },
    "pair_chains_iptm": {
        "0": {
            "0": 0.2621193826198578,
            "1": 0.12917307019233704
        },
        "1": {
            "0": 0.10403162240982056,
            "1": 0.32711049914360046
        }
    }
}