{
    "confidence_score": 0.5966984629631042,
    "ptm": 0.40228182077407837,
    "iptm": 0.0,
    "ligand_iptm": 0.0,
    "protein_iptm": 0.0,
    "complex_plddt": 0.6453026533126831,
    "complex_iplddt": 0.0,
    "complex_pde": 1.6038925647735596,
    "complex_ipde": 0.0,
    "chains_ptm": {
        "0": 0.40228182077407837
    },
    "pair_chains_iptm": {
        "0": {
            "0": 0.40228182077407837
        }
    }
}