{
    "confidence_score": 0.7372643351554871,
    "ptm": 0.6709306240081787,
    "iptm": 0.0,
    "ligand_iptm": 0.0,
    "protein_iptm": 0.0,
    "complex_plddt": 0.7538477182388306,
    "complex_iplddt": 0.0,
    "complex_pde": 0.7082898020744324,
    "complex_ipde": 0.0,
    "chains_ptm": {
        "0": 0.6709306240081787
    },
    "pair_chains_iptm": {
        "0": {
            "0": 0.6709306240081787
        }
    }
}