{
    "confidence_score": 0.7569937705993652,
    "ptm": 0.6512976288795471,
    "iptm": 0.9137002229690552,
    "ligand_iptm": 0.0,
    "protein_iptm": 0.9137002229690552,
    "complex_plddt": 0.7178171277046204,
    "complex_iplddt": 0.7566086053848267,
    "complex_pde": 1.3871190547943115,
    "complex_ipde": 1.9684690237045288,
    "chains_ptm": {
        "0": 0.9499147534370422,
        "1": 0.5940398573875427
    },
    "pair_chains_iptm": {
        "0": {
            "0": 0.9499147534370422,
            "1": 0.9137002229690552
        },
        "1": {
            "0": 0.5943353772163391,
            "1": 0.5940398573875427
        }
    }
}