{
    "confidence_score": 0.6002001166343689,
    "ptm": 0.3568422496318817,
    "iptm": 0.48201093077659607,
    "ligand_iptm": 0.0,
    "protein_iptm": 0.48201093077659607,
    "complex_plddt": 0.6297473907470703,
    "complex_iplddt": 0.5952665209770203,
    "complex_pde": 2.627100706100464,
    "complex_ipde": 15.706177711486816,
    "chains_ptm": {
        "0": 0.9348730444908142,
        "1": 0.3612877130508423
    },
    "pair_chains_iptm": {
        "0": {
            "0": 0.9348730444908142,
            "1": 0.48201093077659607
        },
        "1": {
            "0": 0.2152428925037384,
            "1": 0.3612877130508423
        }
    }
}