{
    "confidence_score": 0.4299808442592621,
    "ptm": 0.2856944799423218,
    "iptm": 0.09532235562801361,
    "ligand_iptm": 0.0,
    "protein_iptm": 0.09532235562801361,
    "complex_plddt": 0.5136454701423645,
    "complex_iplddt": 0.4484049677848816,
    "complex_pde": 3.5869078636169434,
    "complex_ipde": 16.54548454284668,
    "chains_ptm": {
        "0": 0.48329421877861023,
        "1": 0.320199191570282
    },
    "pair_chains_iptm": {
        "0": {
            "0": 0.48329421877861023,
            "1": 0.09532235562801361
        },
        "1": {
            "0": 0.07501062005758286,
            "1": 0.320199191570282
        }
    }
}