{
    "confidence_score": 0.6894280314445496,
    "ptm": 0.3891732692718506,
    "iptm": 0.8141446709632874,
    "ligand_iptm": 0.0,
    "protein_iptm": 0.8141446709632874,
    "complex_plddt": 0.6582488417625427,
    "complex_iplddt": 0.6542590856552124,
    "complex_pde": 2.3270106315612793,
    "complex_ipde": 9.715871810913086,
    "chains_ptm": {
        "0": 0.8608201146125793,
        "1": 0.3810748755931854
    },
    "pair_chains_iptm": {
        "0": {
            "0": 0.8608201146125793,
            "1": 0.8141446709632874
        },
        "1": {
            "0": 0.29582637548446655,
            "1": 0.3810748755931854
        }
    }
}