{
    "confidence_score": 0.4449845254421234,
    "ptm": 0.273099809885025,
    "iptm": 0.11439736187458038,
    "ligand_iptm": 0.0,
    "protein_iptm": 0.11439736187458038,
    "complex_plddt": 0.5276313424110413,
    "complex_iplddt": 0.4661683738231659,
    "complex_pde": 3.3636467456817627,
    "complex_ipde": 15.443327903747559,
    "chains_ptm": {
        "0": 0.6590245366096497,
        "1": 0.306347519159317
    },
    "pair_chains_iptm": {
        "0": {
            "0": 0.6590245366096497,
            "1": 0.11439736187458038
        },
        "1": {
            "0": 0.08802454173564911,
            "1": 0.306347519159317
        }
    }
}