{
    "confidence_score": 0.5060543417930603,
    "ptm": 0.3212483525276184,
    "iptm": 0.358894407749176,
    "ligand_iptm": 0.0,
    "protein_iptm": 0.358894407749176,
    "complex_plddt": 0.5428443551063538,
    "complex_iplddt": 0.5599669814109802,
    "complex_pde": 3.1934633255004883,
    "complex_ipde": 13.187949180603027,
    "chains_ptm": {
        "0": 0.7460912466049194,
        "1": 0.3149700462818146
    },
    "pair_chains_iptm": {
        "0": {
            "0": 0.7460912466049194,
            "1": 0.358894407749176
        },
        "1": {
            "0": 0.17393174767494202,
            "1": 0.3149700462818146
        }
    }
}