{
    "confidence_score": 0.6532484889030457,
    "ptm": 0.5124853849411011,
    "iptm": 0.0,
    "ligand_iptm": 0.0,
    "protein_iptm": 0.0,
    "complex_plddt": 0.6884392499923706,
    "complex_iplddt": 0.0,
    "complex_pde": 1.1918879747390747,
    "complex_ipde": 0.0,
    "chains_ptm": {
        "0": 0.5124853849411011
    },
    "pair_chains_iptm": {
        "0": {
            "0": 0.5124853849411011
        }
    }
}