{
    "confidence_score": 0.6177261471748352,
    "ptm": 0.39784592390060425,
    "iptm": 0.5555530190467834,
    "ligand_iptm": 0.0,
    "protein_iptm": 0.5555530190467834,
    "complex_plddt": 0.6332694292068481,
    "complex_iplddt": 0.5952435731887817,
    "complex_pde": 2.38545560836792,
    "complex_ipde": 13.88662338256836,
    "chains_ptm": {
        "0": 0.9116637110710144,
        "1": 0.4013339579105377
    },
    "pair_chains_iptm": {
        "0": {
            "0": 0.9116637110710144,
            "1": 0.5555530190467834
        },
        "1": {
            "0": 0.27233996987342834,
            "1": 0.4013339579105377
        }
    }
}