{
    "confidence_score": 0.5977957248687744,
    "ptm": 0.3070622682571411,
    "iptm": 0.46181708574295044,
    "ligand_iptm": 0.0,
    "protein_iptm": 0.46181708574295044,
    "complex_plddt": 0.6317903995513916,
    "complex_iplddt": 0.5661967396736145,
    "complex_pde": 2.5259881019592285,
    "complex_ipde": 12.108451843261719,
    "chains_ptm": {
        "0": 0.890758216381073,
        "1": 0.3507004678249359
    },
    "pair_chains_iptm": {
        "0": {
            "0": 0.890758216381073,
            "1": 0.46181708574295044
        },
        "1": {
            "0": 0.1566222608089447,
            "1": 0.3507004678249359
        }
    }
}