{
    "confidence_score": 0.7127969861030579,
    "ptm": 0.4263414740562439,
    "iptm": 0.7470561265945435,
    "ligand_iptm": 0.0,
    "protein_iptm": 0.7470561265945435,
    "complex_plddt": 0.7042321562767029,
    "complex_iplddt": 0.708966851234436,
    "complex_pde": 2.0354790687561035,
    "complex_ipde": 10.001190185546875,
    "chains_ptm": {
        "0": 0.9564390778541565,
        "1": 0.36325499415397644
    },
    "pair_chains_iptm": {
        "0": {
            "0": 0.9564390778541565,
            "1": 0.7470561265945435
        },
        "1": {
            "0": 0.2954360246658325,
            "1": 0.36325499415397644
        }
    }
}