{
    "confidence_score": 0.49838027358055115,
    "ptm": 0.2751379609107971,
    "iptm": 0.0,
    "ligand_iptm": 0.0,
    "protein_iptm": 0.0,
    "complex_plddt": 0.5541908740997314,
    "complex_iplddt": 0.0,
    "complex_pde": 3.031876802444458,
    "complex_ipde": 0.0,
    "chains_ptm": {
        "0": 0.2751379609107971
    },
    "pair_chains_iptm": {
        "0": {
            "0": 0.2751379609107971
        }
    }
}