{
    "confidence_score": 0.6216246485710144,
    "ptm": 0.501393735408783,
    "iptm": 0.0,
    "ligand_iptm": 0.0,
    "protein_iptm": 0.0,
    "complex_plddt": 0.6516823768615723,
    "complex_iplddt": 0.0,
    "complex_pde": 1.9063572883605957,
    "complex_ipde": 0.0,
    "chains_ptm": {
        "0": 0.501393735408783
    },
    "pair_chains_iptm": {
        "0": {
            "0": 0.501393735408783
        }
    }
}