{
    "confidence_score": 0.8942870497703552,
    "ptm": 0.8573211431503296,
    "iptm": 0.0,
    "ligand_iptm": 0.0,
    "protein_iptm": 0.0,
    "complex_plddt": 0.9035285115242004,
    "complex_iplddt": 0.0,
    "complex_pde": 0.4197252690792084,
    "complex_ipde": 0.0,
    "chains_ptm": {
        "0": 0.8573211431503296
    },
    "pair_chains_iptm": {
        "0": {
            "0": 0.8573211431503296
        }
    }
}