{
    "confidence_score": 0.4203914701938629,
    "ptm": 0.30367937684059143,
    "iptm": 0.10240030288696289,
    "ligand_iptm": 0.0,
    "protein_iptm": 0.10240030288696289,
    "complex_plddt": 0.49988922476768494,
    "complex_iplddt": 0.4442378878593445,
    "complex_pde": 3.9679112434387207,
    "complex_ipde": 15.922784805297852,
    "chains_ptm": {
        "0": 0.2715741991996765,
        "1": 0.34449732303619385
    },
    "pair_chains_iptm": {
        "0": {
            "0": 0.2715741991996765,
            "1": 0.09743771702051163
        },
        "1": {
            "0": 0.10240030288696289,
            "1": 0.34449732303619385
        }
    }
}