{
    "confidence_score": 0.42486080527305603,
    "ptm": 0.29488009214401245,
    "iptm": 0.10375600308179855,
    "ligand_iptm": 0.0,
    "protein_iptm": 0.10375600308179855,
    "complex_plddt": 0.505137026309967,
    "complex_iplddt": 0.43461373448371887,
    "complex_pde": 3.9090864658355713,
    "complex_ipde": 15.949820518493652,
    "chains_ptm": {
        "0": 0.29129406809806824,
        "1": 0.33434194326400757
    },
    "pair_chains_iptm": {
        "0": {
            "0": 0.29129406809806824,
            "1": 0.10375600308179855
        },
        "1": {
            "0": 0.08340005576610565,
            "1": 0.33434194326400757
        }
    }
}