{
    "confidence_score": 0.6269769072532654,
    "ptm": 0.5506718158721924,
    "iptm": 0.0,
    "ligand_iptm": 0.0,
    "protein_iptm": 0.0,
    "complex_plddt": 0.64605313539505,
    "complex_iplddt": 0.0,
    "complex_pde": 1.545447587966919,
    "complex_ipde": 0.0,
    "chains_ptm": {
        "0": 0.5506718158721924
    },
    "pair_chains_iptm": {
        "0": {
            "0": 0.5506718158721924
        }
    }
}