{
    "confidence_score": 0.39973726868629456,
    "ptm": 0.15859410166740417,
    "iptm": 0.0,
    "ligand_iptm": 0.0,
    "protein_iptm": 0.0,
    "complex_plddt": 0.46002304553985596,
    "complex_iplddt": 0.0,
    "complex_pde": 3.3639724254608154,
    "complex_ipde": 0.0,
    "chains_ptm": {
        "0": 0.15859410166740417
    },
    "pair_chains_iptm": {
        "0": {
            "0": 0.15859410166740417
        }
    }
}