{
    "confidence_score": 0.6751556396484375,
    "ptm": 0.3911568522453308,
    "iptm": 0.6188932657241821,
    "ligand_iptm": 0.0,
    "protein_iptm": 0.6188932657241821,
    "complex_plddt": 0.689221203327179,
    "complex_iplddt": 0.6897851228713989,
    "complex_pde": 2.18837308883667,
    "complex_ipde": 11.410238265991211,
    "chains_ptm": {
        "0": 0.9560188055038452,
        "1": 0.369712233543396
    },
    "pair_chains_iptm": {
        "0": {
            "0": 0.9560188055038452,
            "1": 0.6188932657241821
        },
        "1": {
            "0": 0.24945439398288727,
            "1": 0.369712233543396
        }
    }
}