{
    "confidence_score": 0.45675817131996155,
    "ptm": 0.3247308135032654,
    "iptm": 0.17734572291374207,
    "ligand_iptm": 0.0,
    "protein_iptm": 0.17734572291374207,
    "complex_plddt": 0.5266112685203552,
    "complex_iplddt": 0.4543832838535309,
    "complex_pde": 3.143942356109619,
    "complex_ipde": 12.909552574157715,
    "chains_ptm": {
        "0": 0.7541497945785522,
        "1": 0.34863585233688354
    },
    "pair_chains_iptm": {
        "0": {
            "0": 0.7541497945785522,
            "1": 0.17734572291374207
        },
        "1": {
            "0": 0.10554749518632889,
            "1": 0.34863585233688354
        }
    }
}