{
    "confidence_score": 0.5438771843910217,
    "ptm": 0.3114163875579834,
    "iptm": 0.27094361186027527,
    "ligand_iptm": 0.0,
    "protein_iptm": 0.27094361186027527,
    "complex_plddt": 0.6121105551719666,
    "complex_iplddt": 0.5423569679260254,
    "complex_pde": 2.407055139541626,
    "complex_ipde": 12.059399604797363,
    "chains_ptm": {
        "0": 0.6887388229370117,
        "1": 0.3520272970199585
    },
    "pair_chains_iptm": {
        "0": {
            "0": 0.6887388229370117,
            "1": 0.27094361186027527
        },
        "1": {
            "0": 0.12331590801477432,
            "1": 0.3520272970199585
        }
    }
}