{
    "confidence_score": 0.44415566325187683,
    "ptm": 0.28314241766929626,
    "iptm": 0.10221993178129196,
    "ligand_iptm": 0.0,
    "protein_iptm": 0.10221993178129196,
    "complex_plddt": 0.5296396017074585,
    "complex_iplddt": 0.4624001979827881,
    "complex_pde": 3.3264970779418945,
    "complex_ipde": 15.393167495727539,
    "chains_ptm": {
        "0": 0.6083692908287048,
        "1": 0.3173963725566864
    },
    "pair_chains_iptm": {
        "0": {
            "0": 0.6083692908287048,
            "1": 0.10221993178129196
        },
        "1": {
            "0": 0.07752911746501923,
            "1": 0.3173963725566864
        }
    }
}