{
    "confidence_score": 0.4443175494670868,
    "ptm": 0.2959490418434143,
    "iptm": 0.11225400120019913,
    "ligand_iptm": 0.0,
    "protein_iptm": 0.11225400120019913,
    "complex_plddt": 0.5273334383964539,
    "complex_iplddt": 0.47301527857780457,
    "complex_pde": 3.360548734664917,
    "complex_ipde": 15.699356079101562,
    "chains_ptm": {
        "0": 0.48838621377944946,
        "1": 0.332803338766098
    },
    "pair_chains_iptm": {
        "0": {
            "0": 0.48838621377944946,
            "1": 0.11225400120019913
        },
        "1": {
            "0": 0.07047693431377411,
            "1": 0.332803338766098
        }
    }
}