{
    "confidence_score": 0.9053047299385071,
    "ptm": 0.8449094295501709,
    "iptm": 0.0,
    "ligand_iptm": 0.0,
    "protein_iptm": 0.0,
    "complex_plddt": 0.9204035997390747,
    "complex_iplddt": 0.0,
    "complex_pde": 0.3940448462963104,
    "complex_ipde": 0.0,
    "chains_ptm": {
        "0": 0.8449094295501709
    },
    "pair_chains_iptm": {
        "0": {
            "0": 0.8449094295501709
        }
    }
}