{
    "confidence_score": 0.4451126754283905,
    "ptm": 0.2300136536359787,
    "iptm": 0.0,
    "ligand_iptm": 0.0,
    "protein_iptm": 0.0,
    "complex_plddt": 0.49888741970062256,
    "complex_iplddt": 0.0,
    "complex_pde": 3.006538152694702,
    "complex_ipde": 0.0,
    "chains_ptm": {
        "0": 0.2300136536359787
    },
    "pair_chains_iptm": {
        "0": {
            "0": 0.2300136536359787
        }
    }
}